,precision,recall,f1-score,support
0,0.9998647009360189,0.9994121550161937,0.9996383538861734,4417.0
1,0.9993042151625083,0.9998387653641349,0.9995713863365039,3740.6
accuracy,0.9996077274611034,0.9996077274611034,0.9996077274611034,0.9996077274611034
macro avg,0.9995844580492637,0.999625460190164,0.9996048701113386,8157.6
weighted avg,0.9996079224102307,0.9996077274611034,0.9996077372010076,8157.6
