,precision,recall,f1-score,support
0,0.9971535862310328,0.9910591127593784,0.9940965379209231,4417.0
1,0.9895147494977833,0.9966577762334541,0.993072761125848,3740.6
accuracy,0.9936255791323518,0.9936255791323518,0.9936255791323518,0.9936255791323518
macro avg,0.993334167864408,0.9938584444964162,0.9935846495233855,8157.6
weighted avg,0.9936520056982397,0.9936255791323518,0.9936272902129639,8157.6
