,precision,recall,f1-score,support
Benign,0.9978176908543428,0.9971153658476108,0.9974656615968989,1558.8
ARP-Spoofing,0.9982490094402069,0.9985513019964751,0.9983998357233521,2749.8
SYN-Flooding,0.9993710413422281,0.9997018314906903,0.9995360280932502,1008.4
accuracy,0.9983449313522664,0.9983449313522664,0.9983449313522664,0.9983449313522664
macro avg,0.9984792472122592,0.9984561664449256,0.998467175137834,5317.0
weighted avg,0.9983456520997398,0.9983449313522664,0.9983447985629796,5317.0
